clanId,unionId
냥뇽뇽냥,2
어쩔요원들,3
천재만들어와,2
어서오세요~,1
베가,2
똑똑이들 모여라,1
매쓰팡 좋아,3
매쓰팡 좋아해요,1
?포켓몬 클랜,2
슈의 클랜,1
울트라슈퍼저쩔클,3
해병성채,2
클랜니의 클랜~,1
스킬 키우기 방,2
어서오세요,3
어서오세요!,1
무조건 일등!!,3
최강젤리,2
최고의요원들,3
토슈즈,3
우리가다바를거임,1
멋진요원들,3
파럿 클랜,2
Halo?,2
Jakarta,2
BossClan,2
Jelly?,3
????,3
Rookie⭐️,3
YouYou,2
?We?,3
Wanderer,1
BaliKids,3
GoldKlan,2
Pinho,1
Matresko,2
come on,3
GUCCI,3
matahari,1
SeruSeru,2
Kirby?,3
King?,2
murid?,1
Master?,1
Worldkid,3
Apple,1
DS Vivek,3
Mine,3
renalyn,1
Kaltim,3
Haha,3
Skillers,1
Jatendar,2
Jatim,3
2D ganz,2
Melea jo,1
USA,2
PBDNI,1
IndoOnly,2
Lotweis,2
안댕댕,2
ENGINEER,1
kelapaa,1
Kocakbgt,1
geng +62,2
Killer,2
Arsala,1
Winners,1
ISLAM,1
Winner1,1
Ak king,3
IndoClan,2
Dragon,2
Toppers,3
Epik van,2
Qihsindi,3
Nctzen,1
marvel,3
Lionclan,2
DOBXZ和鹅鹅,3
Jabar,3
Evasssss,2
Phil gen,2
Payudara,3
Maths (),1
Fleur,2
Miyuki25,1
FLUXO,2
Bintang,3
Selebew,1
Math,1
SUCI,1
Jamby,2
YERFAM,1
GirlsPOW,1
Sepuh,3
Kiryuu,3
UwU,3
OLFU,3
FATTAN,1
Experts,2
Recca,3
Einstein,2
AnneClan,2
Halo,3
Nur mawa,1
Kumon,2
Yuitor56,1
Wen,3
ONE,3
Uchiha m,1
R King,2
Rookie,2
TIMAidan,2
Wowklans,3
LGBTGang,1
Exorcist,1
Icikiwir,1
Noblesse,1
Kinggold,3
Kelamin,3
PHI_#1,2
JENNIE,1
Brain,3
Cyalman,3
Simerak,3
⁠♡⁠∀⁠⁠♡⁠,2
Sky SLM,2
Quincy +,2
Fiki,1
Alpha,2
Winner?,2
Sad Boy,1
Meow,2
Smurfing,1
HeroClan,1
Lovely21,2
Kristen,3
Mikro,2
Math??,2
Sumsel,1
Jawa,1
(ㆁ⁠ω⁠ㆁ),3
Murid,2
Syalala,1
Indomath,3
Exodust,1
Umbrella,1
Gagak in,2
Togemath,2
IND,1
Barudak,2
MAFIA,3
Moxer23,3
Saiilorr,3
BloodyTF,2
[ MTK ],2
Pintar,1
IMPERA,3
Nara,2
TheMatch,1
MathSick,2
ClearSea,1
Mbek tim,2
Pianos,1
"Knv""",3
맛 신,3
Neouses,3
Sekolah,3
Nuh uh,2
Lixsus,1
Magic,3
Anjay,3
Sad`Boy,2
Nana,1
χσ¢нιтℓ,2
Klan ff,2
Zzz.,1
Victory,1
Pemuda/i,1
Cinnamon,1
Senkuuuu,3
Kelas 6,2
cerdas,3
Demonic,3
Adila az,1
Jaws,1
kila,3
Puh sepu,3
AIKKO,2
ABC math,1
Tanga,3
indomtk,3
Crowned,2
Karawang,1
Ragsen,3
♡⁠˖ Bart,3
veh,1
Im worth,2
Callista,3
IndoJaya,2
Pakkajin,3
ForFun,3
KALBARR,3
Klanmtk,3
Free,2
かわいい,1
Slibawww,1
ASTRAEA,1
bukanSD,3
Mayleen,2
Xavepa,2
Playnow!,1
Mickey D,3
Umai,1
Delusion,1
osmosis,2
simper,2
MoaDiary,1
